,,,Place,Place,Conference,Conference,Division,Division,Division,Division,Division,Division,All-Star,All-Star,Margin,Margin,Month,Month,Month,Month,Month,Month,Month
Rk,Team,Overall,Home,Road,E,W,A,C,SE,NW,P,SW,Pre,Post,≤3,≥10,Oct,Nov,Dec,Jan,Feb,Mar,Apr,Year
1,Oklahoma City Thunder,68-14,36-6,32-8,29-1,39-13,10-0,9-1,10-0,12-4,13-3,14-6,44-10,24-4,1-4,54-5,4-0,11-4,12-1,10-4,11-2,15-1,5-2,2025
2,Cleveland Cavaliers,64-18,34-7,30-11,41-11,23-7,16-3,12-4,13-4,9-1,6-4,8-2,44-10,20-8,5-4,41-7,5-0,12-3,12-1,10-5,10-1,11-5,4-3,2025
3,Boston Celtics,61-21,28-13,33-8,39-13,22-8,14-2,12-6,13-5,8-2,7-3,7-3,39-16,22-5,8-3,41-7,4-1,12-2,8-6,10-6,8-3,14-1,5-2,2025
4,Houston Rockets,52-30,29-12,23-18,21-9,31-21,6-4,7-3,8-2,9-9,9-9,13-3,34-21,18-9,8-5,26-12,3-2,11-4,7-5,11-4,5-7,12-5,3-3,2025
5,New York Knicks,51-31,27-14,24-17,34-18,17-13,12-4,7-10,15-4,6-4,4-6,7-3,36-18,15-13,7-3,31-19,2-2,9-6,12-2,9-6,7-4,8-7,4-4,2025
6,Denver Nuggets,50-32,26-15,24-17,18-12,32-20,6-4,4-6,8-2,8-8,13-6,11-6,36-19,14-13,8-6,31-17,2-2,8-5,8-6,11-6,10-2,8-7,3-4,2025
7,Indiana Pacers,50-32,29-12,21-20,29-22,21-10,10-7,10-6,9-9,6-4,8-2,7-4,30-23,20-9,6-2,25-17,2-3,7-8,7-7,10-2,7-5,11-6,6-1,2025
8,Los Angeles Clippers,50-32,30-11,20-21,21-9,29-23,7-3,4-6,10-0,8-10,9-7,12-6,31-23,19-9,5-7,32-13,2-3,10-6,7-5,9-6,4-7,11-5,7-0,2025
9,Los Angeles Lakers,50-32,31-10,19-22,14-16,36-16,7-3,2-8,5-5,11-8,12-4,13-4,32-20,18-12,4-6,22-21,3-2,8-6,7-6,9-5,10-2,9-8,4-3,2025
10,Minnesota Timberwolves,49-33,25-16,24-17,16-14,33-19,6-4,3-7,7-3,11-5,12-7,10-7,31-25,18-8,11-11,31-9,2-2,7-8,8-5,10-6,5-8,11-3,6-1,2025
11,Golden State Warriors,48-34,24-17,24-17,19-11,29-23,6-4,6-4,7-3,11-5,5-11,13-7,28-27,20-7,6-6,26-15,4-1,8-6,4-9,8-8,8-3,11-4,5-3,2025
12,Memphis Grizzlies,48-34,26-15,22-19,21-10,27-24,6-5,6-4,9-1,9-8,7-11,11-5,36-18,12-16,9-6,31-15,3-3,10-4,10-4,9-5,6-5,6-10,4-3,2025
13,Milwaukee Bucks,48-34,28-14,20-20,31-21,17-13,8-9,9-7,14-5,5-5,6-4,6-4,29-24,19-10,5-9,25-19,1-4,9-5,7-5,9-6,7-5,7-9,8-0,2025
14,Detroit Pistons,44-38,22-19,22-19,29-23,15-15,13-5,5-11,11-7,4-6,5-5,6-4,29-26,15-12,8-6,23-17,1-4,8-9,5-5,10-6,9-3,9-6,2-5,2025
15,Orlando Magic,41-41,22-19,19-22,31-21,10-20,11-8,8-9,12-4,0-10,6-4,4-6,27-29,14-12,4-7,22-20,3-2,11-5,6-7,4-11,5-7,7-8,5-1,2025
16,Atlanta Hawks,40-42,21-19,19-23,30-22,10-20,10-7,10-9,10-6,3-7,4-6,3-7,26-29,14-13,8-6,20-21,2-3,8-8,8-4,4-11,5-7,9-5,4-4,2025
17,Sacramento Kings,40-42,20-21,20-21,14-16,26-26,4-6,4-6,6-4,8-11,5-11,13-4,28-27,12-15,4-9,22-19,2-2,7-9,5-8,10-4,6-5,6-11,4-3,2025
18,Chicago Bulls,39-43,18-23,21-20,28-24,11-19,11-7,4-12,13-5,4-6,4-6,3-7,22-33,17-10,6-4,23-26,3-2,5-11,7-5,6-10,3-8,9-6,6-1,2025
19,Dallas Mavericks,39-43,22-18,17-25,16-14,23-29,5-5,3-7,8-2,10-8,5-13,8-8,30-26,9-17,5-8,17-24,3-2,9-6,8-5,6-10,6-5,5-11,2-4,2025
20,Miami Heat,37-45,19-22,18-23,24-28,13-17,10-8,4-14,10-6,3-7,4-6,6-4,25-28,12-17,3-11,22-18,2-2,7-6,7-6,7-9,5-7,6-11,3-4,2025
21,Phoenix Suns,36-46,24-17,12-29,14-16,22-30,4-6,5-5,5-5,7-12,9-7,6-11,26-28,10-18,7-5,13-26,4-1,7-7,4-9,10-5,3-10,7-8,1-6,2025
22,Portland Trail Blazers,36-46,22-19,14-27,17-13,19-33,4-6,4-6,9-1,6-10,6-12,7-11,23-32,13-14,7-4,19-30,2-3,6-9,3-9,8-8,8-4,5-10,4-3,2025
23,San Antonio Spurs,34-48,20-21,14-27,12-18,22-30,6-4,2-8,4-6,10-8,7-11,5-11,23-29,11-19,7-7,17-32,2-3,8-6,7-7,4-8,3-9,7-10,3-5,2025
24,Toronto Raptors,30-52,18-23,12-29,21-31,9-21,8-8,2-16,11-7,3-7,4-6,2-8,17-38,13-14,7-9,16-28,1-4,4-11,2-11,8-7,3-9,10-5,2-5,2025
25,Brooklyn Nets,26-56,12-29,14-27,14-37,12-19,3-13,5-13,6-11,1-9,4-6,7-4,20-34,6-22,8-7,7-32,2-3,7-8,3-9,3-13,6-5,4-13,1-5,2025
26,Philadelphia 76ers,24-58,12-29,12-29,15-37,9-21,3-13,5-13,7-11,3-7,3-7,3-7,20-34,4-24,4-4,10-35,1-3,3-11,9-3,6-11,1-10,3-14,1-6,2025
27,New Orleans Pelicans,21-61,14-27,7-34,8-23,13-38,2-8,3-8,3-7,6-12,4-13,3-13,13-42,8-19,3-8,6-38,2-3,2-13,1-12,7-9,4-7,5-10,0-7,2025
28,Charlotte Hornets,19-63,12-29,7-34,10-42,9-21,3-15,6-12,1-15,2-8,2-8,5-5,13-39,6-24,8-7,5-39,2-2,4-12,1-11,5-8,2-11,5-12,0-7,2025
29,Washington Wizards,18-64,8-33,10-31,13-39,5-25,4-14,2-16,7-9,4-6,1-9,0-10,9-45,9-19,7-2,5-53,2-2,0-14,3-9,1-16,4-7,6-11,2-5,2025
30,Utah Jazz,17-65,10-31,7-34,9-21,8-44,3-7,2-8,4-6,3-13,2-17,3-14,13-41,4-24,5-8,8-37,0-5,4-10,3-9,3-12,5-8,1-16,1-5,2025
1,Boston Celtics,64-18,37-4,27-14,41-11,23-7,15-2,13-5,13-4,6-4,7-3,10-0,43-12,21-6,6-7,42-5,3-0,11-4,12-2,11-5,9-1,12-4,6-2,2024
2,Denver Nuggets,57-25,33-8,24-17,24-6,33-19,8-2,8-2,8-2,10-6,11-7,12-6,36-19,21-6,6-6,28-10,4-0,9-6,10-5,10-5,8-3,11-4,5-2,2024
3,Oklahoma City Thunder,57-25,33-8,24-17,21-9,36-16,6-4,6-4,9-1,12-4,11-7,13-5,37-17,20-8,6-3,32-10,3-1,9-5,10-3,11-6,8-3,11-4,5-3,2024
4,Minnesota Timberwolves,56-26,30-11,26-15,19-11,37-15,6-4,6-4,7-3,12-4,10-7,15-4,39-16,17-10,7-6,32-10,1-2,13-2,10-3,10-7,8-3,9-6,5-3,2024
5,Los Angeles Clippers,51-31,25-16,26-15,21-9,30-22,6-4,6-4,9-1,10-9,9-7,11-6,36-17,15-14,6-4,28-17,3-1,5-9,11-2,12-3,6-5,10-7,4-4,2024
6,Dallas Mavericks,50-32,25-16,25-16,19-11,31-21,6-4,3-7,10-0,10-9,10-7,11-5,32-23,18-9,5-2,31-21,3-0,8-6,8-8,7-8,8-3,11-4,5-3,2024
7,New York Knicks,50-32,27-14,23-18,35-17,15-15,12-5,11-7,12-5,5-5,6-4,4-6,33-22,17-10,4-3,32-16,2-2,9-5,6-8,14-2,4-8,9-5,6-2,2024
8,Milwaukee Bucks,49-33,31-11,18-22,34-18,15-15,12-6,10-7,12-5,4-6,5-5,6-4,35-21,14-12,4-6,25-16,2-1,11-5,11-2,8-8,7-5,8-6,2-6,2024
9,New Orleans Pelicans,49-33,21-19,28-14,19-11,30-22,8-2,5-5,6-4,9-8,12-7,9-7,33-22,16-11,1-7,32-18,2-1,8-8,9-5,8-7,8-4,10-4,4-4,2024
10,Phoenix Suns,49-33,25-16,24-17,20-10,29-23,4-6,8-2,8-2,12-5,9-9,8-9,33-22,16-11,8-6,29-14,2-2,9-5,6-8,11-5,7-4,8-7,6-2,2024
11,Cleveland Cavaliers,48-34,26-15,22-19,31-21,17-13,9-8,11-5,11-8,5-5,4-6,8-2,36-17,12-17,9-5,24-16,1-3,9-6,8-5,11-2,9-4,7-10,3-4,2024
12,Indiana Pacers,47-35,26-15,21-20,32-20,15-15,10-8,11-6,11-6,3-7,5-5,7-3,31-25,16-10,6-5,30-16,2-1,7-7,8-6,10-7,7-5,8-7,5-2,2024
13,Los Angeles Lakers,47-35,28-14,19-21,20-10,27-25,6-4,8-2,6-4,9-8,7-10,11-7,30-26,17-9,11-4,20-25,2-2,9-7,6-8,7-8,9-3,9-5,5-2,2024
14,Orlando Magic,47-35,29-12,18-23,32-20,15-15,9-8,14-5,9-7,7-3,2-8,6-4,30-25,17-10,6-9,27-20,2-2,11-3,6-8,6-10,9-3,9-5,4-4,2024
15,Philadelphia 76ers,47-35,25-16,22-19,31-21,16-14,8-8,8-9,15-4,6-4,4-6,6-4,32-22,15-13,3-4,27-18,2-1,10-5,10-4,7-7,4-8,7-10,7-0,2024
16,Miami Heat,46-36,22-19,24-17,32-20,14-16,8-10,11-7,13-3,3-7,5-5,6-4,30-25,16-11,8-4,21-15,1-3,10-5,8-5,6-10,8-3,8-7,5-3,2024
17,Golden State Warriors,46-36,21-20,25-16,20-10,26-26,7-3,5-5,8-2,9-10,7-9,10-7,27-26,19-10,4-11,24-12,3-1,6-9,6-7,5-7,11-3,9-7,6-2,2024
18,Sacramento Kings,46-36,24-17,22-19,16-14,30-22,5-5,5-5,6-4,12-5,10-7,8-10,31-23,15-13,6-5,26-19,2-1,8-6,9-5,8-7,6-6,10-6,3-5,2024
19,Houston Rockets,41-41,27-14,14-27,13-17,28-24,3-7,5-5,5-5,11-8,8-9,9-7,24-30,17-11,8-5,23-17,0-3,8-5,7-7,7-10,3-9,13-2,3-5,2024
20,Chicago Bulls,39-43,20-21,19-22,22-29,17-14,5-12,7-9,10-8,6-4,3-7,8-3,26-29,13-14,6-8,12-25,2-2,4-12,9-5,8-7,5-5,8-8,3-4,2024
21,Atlanta Hawks,36-46,21-20,15-26,22-30,14-16,8-11,6-11,8-8,4-6,4-6,6-4,24-31,12-15,9-6,15-21,2-2,7-7,4-10,7-8,6-6,8-7,2-6,2024
22,Brooklyn Nets,32-50,20-21,12-29,24-28,8-22,5-11,8-9,11-8,2-8,3-7,3-7,21-33,11-17,4-6,17-28,1-2,8-7,6-9,4-10,4-8,6-10,3-4,2024
23,Utah Jazz,31-51,21-20,10-31,15-15,16-36,5-5,5-5,5-5,5-11,3-15,8-10,26-30,5-21,5-8,15-33,1-3,5-10,8-6,10-6,3-8,2-13,2-5,2024
24,Memphis Grizzlies,27-55,9-32,18-23,13-18,14-37,3-7,6-5,4-6,2-16,4-13,8-8,20-36,7-19,6-3,11-31,0-4,4-9,6-9,8-7,2-10,4-11,3-5,2024
25,Toronto Raptors,25-57,14-27,11-30,18-34,7-23,1-15,8-9,9-10,1-9,2-8,4-6,19-36,6-21,5-10,10-30,1-3,8-7,3-10,5-10,5-7,1-14,2-6,2024
26,San Antonio Spurs,22-60,12-29,10-31,8-23,14-37,3-7,3-8,2-8,6-12,5-12,3-13,11-44,11-16,5-7,12-31,2-2,1-13,2-12,5-11,2-10,6-9,4-3,2024
27,Charlotte Hornets,21-61,11-30,10-31,14-38,7-23,4-14,4-14,6-10,3-7,1-9,3-7,13-41,8-20,7-3,5-43,1-2,5-9,1-12,3-13,5-8,3-12,3-5,2024
28,Portland Trail Blazers,21-61,11-30,10-31,13-17,8-44,5-5,5-5,3-7,1-15,2-16,5-13,15-39,6-22,5-6,5-38,1-3,5-9,3-10,6-11,0-9,4-13,2-6,2024
29,Washington Wizards,15-67,7-34,8-33,11-41,4-26,2-17,5-12,4-12,1-9,1-9,2-8,9-45,6-22,4-5,6-35,1-2,2-13,3-11,3-12,0-12,5-11,1-6,2024
30,Detroit Pistons,14-68,7-33,7-35,10-41,4-27,3-14,2-14,5-13,2-8,1-9,1-10,8-46,6-22,1-7,8-39,2-2,0-15,1-12,3-12,3-8,4-12,1-7,2024
1,Milwaukee Bucks,58-24,32-9,26-15,35-17,23-7,12-6,11-5,12-6,9-1,8-2,6-4,41-17,17-7,6-1,30-15,6-0,9-5,8-7,11-5,10-0,11-5,3-2,2023
2,Boston Celtics,57-25,32-9,25-16,34-18,23-7,11-5,11-7,12-6,7-3,7-3,9-1,42-17,15-8,5-8,31-11,4-2,14-2,8-6,10-5,8-3,10-6,3-1,2023
3,Philadelphia 76ers,54-28,29-12,25-16,34-18,20-10,10-6,13-5,11-7,7-3,8-2,5-5,38-19,16-9,10-5,26-11,4-4,8-6,9-4,11-3,7-4,12-5,3-2,2023
4,Denver Nuggets,53-29,34-7,19-22,19-11,34-18,4-6,7-3,8-2,10-6,13-5,11-7,41-18,12-11,7-6,29-15,4-3,10-4,9-5,12-4,9-3,7-7,2-3,2023
5,Cleveland Cavaliers,51-31,31-10,20-21,34-18,17-13,8-10,13-3,13-5,4-6,5-5,8-2,38-23,13-8,5-8,33-11,5-1,9-7,9-6,8-8,8-3,9-5,3-1,2023
6,Memphis Grizzlies,51-31,35-6,16-25,21-9,30-22,5-5,8-2,8-2,9-9,8-10,13-3,35-22,16-9,3-6,31-17,4-3,8-6,10-4,10-5,5-5,12-5,2-3,2023
7,Sacramento Kings,48-34,23-18,25-16,16-14,32-20,4-6,7-3,5-5,11-7,9-7,12-6,32-25,16-9,9-7,19-13,2-4,9-5,8-6,9-6,8-4,11-5,1-4,2023
8,New York Knicks,47-35,23-18,24-17,32-20,15-15,8-8,12-6,12-6,7-3,4-6,4-6,33-27,14-8,10-4,23-13,3-3,7-9,9-6,8-7,9-2,9-6,2-2,2023
9,Brooklyn Nets,45-37,23-18,22-19,30-22,15-15,7-9,7-11,16-2,6-4,4-6,5-5,34-24,11-13,10-4,22-17,2-5,10-6,12-1,7-7,3-8,8-8,3-2,2023
10,Phoenix Suns,45-37,28-13,17-24,15-15,30-22,6-4,6-4,3-7,11-7,9-7,10-8,32-28,13-9,4-9,28-17,5-1,10-5,5-11,7-8,6-4,9-6,3-2,2023
11,Golden State Warriors,44-38,33-8,11-30,14-16,30-22,5-5,4-6,5-5,10-8,7-9,13-5,29-29,15-9,4-8,24-16,3-4,8-7,8-7,7-6,6-6,9-7,3-1,2023
12,Los Angeles Clippers,44-38,23-18,21-20,17-13,27-25,6-4,6-4,5-5,6-12,9-7,12-6,33-28,11-10,4-6,20-21,3-4,10-6,8-7,8-8,4-6,8-6,3-1,2023
13,Miami Heat,44-38,27-14,17-24,24-28,20-10,6-12,8-10,10-6,6-4,7-3,7-3,32-27,12-11,14-8,12-13,2-5,8-7,9-6,10-5,4-6,7-8,4-1,2023
14,Los Angeles Lakers,43-39,23-18,20-21,16-14,27-25,3-7,5-5,8-2,9-9,6-10,12-6,27-32,16-7,8-5,19-19,1-5,7-7,7-9,9-7,5-5,10-5,4-1,2023
15,Minnesota Timberwolves,42-40,22-19,20-21,13-17,29-23,4-6,5-5,4-6,8-8,10-8,11-7,31-30,11-10,6-7,15-16,4-3,7-8,5-10,11-5,5-6,7-7,3-1,2023
16,New Orleans Pelicans,42-40,27-14,15-26,13-17,29-23,4-6,5-5,4-6,9-9,9-9,11-5,30-29,12-11,4-6,25-20,4-2,9-6,10-5,3-13,4-6,9-6,3-2,2023
17,Atlanta Hawks,41-41,24-17,17-24,26-26,15-15,6-12,12-6,8-8,4-6,6-4,5-5,29-30,12-11,10-7,19-15,4-3,8-7,5-9,8-7,6-5,7-8,3-2,2023
18,Toronto Raptors,41-41,27-14,14-27,26-26,15-15,4-12,10-8,12-6,5-5,3-7,7-3,28-31,13-10,4-10,23-16,4-3,7-7,5-10,7-9,8-3,7-7,3-2,2023
19,Chicago Bulls,40-42,22-19,18-23,27-25,13-17,9-9,7-9,11-7,6-4,2-8,5-5,26-33,14-9,4-7,24-19,3-4,6-8,7-8,7-7,5-7,9-6,3-2,2023
20,Oklahoma City Thunder,40-42,24-17,16-25,15-15,25-27,6-4,5-5,4-6,9-7,6-12,10-8,28-29,12-13,7-7,21-15,3-3,6-10,6-8,9-5,4-7,10-7,2-2,2023
21,Dallas Mavericks,38-44,23-18,15-26,10-20,28-24,6-4,2-8,2-8,9-9,10-8,9-7,31-29,7-15,8-12,11-12,3-3,7-7,11-6,6-9,5-6,5-9,1-4,2023
22,Utah Jazz,37-45,23-18,14-27,13-17,24-28,3-7,4-6,6-4,6-10,8-10,10-8,29-31,8-14,10-8,13-16,6-2,7-9,6-9,7-6,5-6,5-9,1-4,2023
23,Indiana Pacers,35-47,20-21,15-26,24-28,11-19,7-11,7-9,10-8,2-8,5-5,4-6,26-34,9-13,8-7,9-25,3-5,9-4,8-8,4-11,4-7,6-9,1-3,2023
24,Washington Wizards,35-47,19-22,16-25,21-31,14-16,5-13,8-10,8-8,4-6,3-7,7-3,28-30,7-17,7-6,19-21,3-4,8-7,5-10,8-5,5-6,5-11,1-4,2023
25,Orlando Magic,34-48,20-21,14-27,20-32,14-16,8-10,5-13,7-9,4-6,5-5,5-5,24-35,10-13,5-6,16-24,1-6,4-11,8-7,7-7,6-5,7-8,1-4,2023
26,Portland Trail Blazers,33-49,17-24,16-25,10-20,23-29,1-9,3-7,6-4,7-9,6-12,10-8,28-30,5-19,8-7,18-28,5-1,6-10,7-6,6-9,5-6,3-13,1-4,2023
27,Charlotte Hornets,27-55,13-28,14-27,15-37,12-18,2-16,6-12,7-9,4-6,3-7,5-5,17-43,10-12,3-3,8-35,3-4,3-11,4-12,5-10,5-6,6-9,1-3,2023
28,Houston Rockets,22-60,14-27,8-33,10-20,12-40,2-8,4-6,4-6,5-13,3-15,4-12,13-45,9-15,5-4,6-36,1-7,4-9,5-10,2-12,1-10,6-11,3-1,2023
29,San Antonio Spurs,22-60,14-27,8-33,12-18,10-42,3-7,6-4,3-7,6-12,1-17,3-13,14-45,8-15,3-3,6-42,5-2,1-14,6-8,2-13,1-10,4-11,3-2,2023
30,Detroit Pistons,17-65,9-32,8-33,8-44,9-21,1-17,2-14,5-13,5-5,2-8,2-8,15-44,2-21,2-8,6-37,2-6,3-12,5-11,3-10,2-8,1-14,1-4,2023
1,Phoenix Suns,64-18,32-9,32-9,25-5,39-13,8-2,9-1,8-2,14-4,10-6,15-3,48-10,16-8,6-2,37-9,2-3,16-0,9-5,13-1,9-3,13-2,2-4,2022
2,Memphis Grizzlies,56-26,30-11,26-15,20-10,36-16,6-4,9-1,5-5,10-8,15-3,11-5,41-19,15-7,5-3,33-17,3-3,8-7,12-4,12-4,8-2,11-3,2-3,2022
3,Golden State Warriors,53-29,31-10,22-19,20-10,33-19,6-4,8-2,6-4,12-6,12-4,9-9,42-17,11-12,6-5,34-10,5-1,13-2,9-4,11-6,5-5,5-11,5-0,2022
4,Miami Heat,53-29,29-12,24-17,35-17,18-12,10-8,12-6,13-3,6-4,4-6,8-2,38-21,15-8,3-6,31-15,5-1,8-7,10-5,9-6,9-2,8-7,4-1,2022
5,Dallas Mavericks,52-30,29-12,23-18,16-14,36-16,6-4,6-4,4-6,12-6,10-8,14-2,35-24,17-6,7-5,27-14,4-2,6-7,7-9,12-4,7-3,12-4,4-1,2022
6,Boston Celtics,51-31,28-13,23-18,33-19,18-12,9-7,12-6,12-6,7-3,5-5,6-4,34-26,17-5,3-9,35-9,2-4,9-6,6-9,10-6,9-2,11-3,4-1,2022
7,Milwaukee Bucks,51-31,27-14,24-17,33-19,18-12,10-8,12-4,11-7,5-5,7-3,6-4,36-24,15-7,4-2,31-15,3-4,10-4,11-5,7-8,6-4,11-3,3-3,2022
8,Philadelphia 76ers,51-31,24-17,27-14,32-20,19-11,6-10,14-4,12-6,5-5,6-4,8-2,35-23,16-8,6-6,28-11,4-2,7-8,8-6,12-3,6-4,9-7,5-1,2022
9,Utah Jazz,49-33,29-12,20-21,16-14,33-19,7-3,4-6,5-5,15-1,9-9,9-9,36-22,13-11,1-6,34-10,5-1,9-6,12-2,4-12,8-1,8-9,3-2,2022
10,Denver Nuggets,48-34,23-18,25-16,19-11,29-23,6-4,5-5,8-2,6-10,13-5,10-8,33-25,15-9,8-3,23-20,4-2,6-8,7-6,11-5,8-4,10-6,2-3,2022
11,Toronto Raptors,48-34,24-17,24-17,30-22,18-12,10-6,8-10,12-6,5-5,7-3,6-4,32-25,16-9,7-6,25-14,4-3,5-10,6-4,10-6,8-4,11-5,4-2,2022
12,Chicago Bulls,46-36,27-14,19-22,29-23,17-13,8-10,10-6,11-7,8-2,5-5,4-6,38-21,8-15,4-4,23-20,5-1,9-7,9-2,8-8,8-5,6-9,1-4,2022
13,Minnesota Timberwolves,46-36,26-15,20-21,14-16,32-20,4-6,7-3,3-7,12-4,8-10,12-6,31-28,15-8,4-4,28-21,3-2,8-8,5-9,9-6,8-4,10-5,3-2,2022
14,Brooklyn Nets,44-38,20-21,24-17,31-21,13-17,10-6,12-6,9-9,4-6,3-7,6-4,31-28,13-10,8-4,20-20,4-3,11-3,8-4,6-10,3-10,8-7,4-1,2022
15,Cleveland Cavaliers,44-38,25-16,19-22,27-25,17-13,8-10,10-6,9-9,8-2,4-6,5-5,35-23,9-15,10-4,22-19,3-4,8-6,9-6,11-4,5-5,6-10,2-3,2022
16,Atlanta Hawks,43-39,27-14,16-25,26-26,17-13,6-12,11-7,9-7,5-5,6-4,6-4,28-30,15-9,7-3,24-18,3-3,8-7,5-9,8-7,5-5,11-6,3-2,2022
17,Charlotte Hornets,43-39,22-19,21-20,27-25,16-14,8-10,11-7,8-8,6-4,3-7,7-3,29-31,14-8,6-8,24-23,5-2,8-8,6-7,9-6,2-10,10-4,3-2,2022
18,Los Angeles Clippers,42-40,25-16,17-24,16-14,26-26,4-6,4-6,8-2,10-8,9-7,7-11,30-31,12-9,10-5,20-21,1-4,10-6,7-8,8-9,6-4,5-9,5-0,2022
19,New York Knicks,37-45,17-24,20-21,22-30,15-15,5-11,8-10,9-9,2-8,6-4,7-3,25-34,12-11,5-6,19-23,5-1,6-9,6-9,7-8,1-9,9-7,3-2,2022
20,New Orleans Pelicans,36-46,19-22,17-24,11-19,25-27,2-8,6-4,3-7,9-9,10-8,6-10,23-36,13-10,4-3,23-30,1-6,5-11,7-5,5-10,7-4,8-7,3-3,2022
21,Washington Wizards,35-47,21-20,14-27,24-28,11-19,8-10,9-9,7-9,5-5,2-8,4-6,27-31,8-16,12-6,11-27,5-1,8-7,5-9,5-9,4-7,6-10,2-4,2022
22,San Antonio Spurs,34-48,16-25,18-23,10-20,24-28,2-8,3-7,5-5,11-7,7-11,6-10,23-36,11-12,6-5,19-24,2-4,4-9,8-7,5-12,5-6,7-7,3-3,2022
23,Los Angeles Lakers,33-49,21-20,12-29,15-15,18-34,4-6,5-5,6-4,8-10,3-13,7-11,27-31,6-18,5-7,13-22,4-3,8-8,6-8,6-8,3-6,4-12,2-4,2022
24,Sacramento Kings,30-52,16-25,14-27,10-20,20-32,1-9,3-7,6-4,6-12,6-10,8-10,22-38,8-14,7-8,11-30,3-3,5-11,7-8,3-12,5-6,5-9,2-3,2022
25,Portland Trail Blazers,27-55,17-24,10-31,16-14,11-41,6-4,5-5,5-5,1-15,5-13,5-13,25-34,2-21,1-5,11-41,3-3,8-8,2-11,8-8,4-6,2-13,0-6,2022
26,Indiana Pacers,25-57,16-25,9-32,11-41,14-16,5-13,2-14,4-14,4-6,4-6,6-4,20-40,5-17,3-14,14-19,1-6,8-8,5-8,5-11,2-9,4-10,0-5,2022
27,Oklahoma City Thunder,24-58,12-29,12-29,7-23,17-35,4-6,2-8,1-9,6-10,5-13,6-12,18-40,6-18,7-6,9-32,1-5,5-9,7-8,2-12,4-8,3-12,2-4,2022
28,Detroit Pistons,23-59,13-28,10-31,18-34,5-25,5-13,6-10,7-11,2-8,1-9,2-8,13-45,10-14,7-6,6-33,1-5,3-12,1-11,7-9,3-9,6-10,2-3,2022
29,Orlando Magic,22-60,12-29,10-31,12-40,10-20,4-14,5-13,3-13,6-4,1-9,3-7,13-47,9-13,2-7,6-39,1-6,3-12,3-11,4-11,4-7,5-10,2-3,2022
30,Houston Rockets,20-62,11-30,9-32,9-21,11-41,1-9,3-7,5-5,6-12,2-16,3-13,15-43,5-19,3-9,9-44,1-5,3-11,6-10,4-10,1-9,5-12,0-5,2022
1,Utah Jazz,52-20,31-5,21-15,24-6,28-14,7-3,10-0,7-3,7-5,8-7,13-2,27-9,25-11,3-2,39-7,2-2,13-3,12-2,9-4,9-7,7-2,NA,2021
2,Phoenix Suns,51-21,27-9,24-12,21-9,30-12,7-3,8-2,6-4,11-4,7-5,12-3,24-11,27-10,9-3,23-8,4-1,6-7,12-3,11-3,12-4,6-3,NA,2021
3,Philadelphia 76ers,49-23,29-7,20-16,31-11,18-12,10-2,8-7,13-2,5-5,6-4,7-3,24-12,25-11,7-3,27-12,4-1,11-5,7-6,10-3,10-6,7-2,NA,2021
4,Brooklyn Nets,48-24,28-8,20-16,26-16,22-8,8-4,9-6,9-6,7-3,9-1,6-4,24-13,24-11,3-5,24-11,3-2,10-7,9-4,11-2,10-6,5-3,NA,2021
5,Denver Nuggets,47-25,25-11,22-14,21-9,26-16,5-5,9-1,7-3,9-3,6-9,11-4,21-15,26-10,6-4,29-11,1-3,11-5,6-7,11-3,13-3,5-4,NA,2021
6,Los Angeles Clippers,47-25,26-10,21-15,20-10,27-15,4-6,9-1,7-3,10-5,9-3,8-7,24-14,23-11,3-4,31-7,4-1,12-4,8-7,8-5,11-4,4-4,NA,2021
7,Milwaukee Bucks,46-26,26-10,20-16,30-12,16-14,8-7,11-1,11-4,6-4,5-5,5-5,22-14,24-12,6-5,29-12,2-3,9-5,10-5,9-4,9-7,7-2,NA,2021
8,Dallas Mavericks,42-30,21-15,21-15,21-9,21-21,6-4,6-4,9-1,8-7,6-9,7-5,18-16,24-14,5-4,26-17,1-3,7-9,8-4,9-5,10-6,7-3,NA,2021
9,Los Angeles Lakers,42-30,21-15,21-15,17-13,25-17,4-6,8-2,5-5,10-5,4-8,11-4,24-13,18-17,7-5,22-13,3-2,12-4,9-5,6-7,6-9,6-3,NA,2021
10,Portland Trail Blazers,42-30,20-16,22-14,19-11,23-19,7-3,6-4,6-4,6-6,7-8,10-5,21-14,21-16,10-9,19-12,2-2,8-6,8-6,11-4,6-10,7-2,NA,2021
11,Atlanta Hawks,41-31,25-11,16-20,24-18,17-13,7-8,8-7,9-3,5-5,6-4,6-4,16-20,25-11,3-3,25-15,3-1,7-8,4-11,9-4,11-6,7-1,NA,2021
12,New York Knicks,41-31,25-11,16-20,25-17,16-14,4-8,11-4,10-5,4-6,4-6,8-2,19-18,22-13,2-9,24-15,2-3,7-9,9-5,6-7,11-4,6-3,NA,2021
13,Miami Heat,40-32,21-15,19-17,24-18,16-14,9-6,9-6,6-6,5-5,5-5,6-4,18-18,22-14,4-5,17-17,2-2,5-10,10-5,7-7,9-6,7-2,NA,2021
14,Golden State Warriors,39-33,25-11,14-22,14-16,25-17,3-7,8-2,3-7,10-5,5-7,10-5,19-18,20-15,6-4,25-18,2-2,9-7,8-7,4-8,8-8,8-1,NA,2021
15,Memphis Grizzlies,38-34,18-18,20-16,19-11,19-23,6-4,5-5,8-2,7-8,6-9,6-6,16-16,22-18,3-7,23-21,1-3,7-3,7-9,7-8,10-7,6-4,NA,2021
16,Boston Celtics,36-36,21-15,15-21,20-22,16-14,4-8,7-8,9-6,6-4,6-4,4-6,19-17,17-19,7-5,17-12,3-2,7-6,7-9,6-8,11-5,2-6,NA,2021
17,Washington Wizards,34-38,19-17,15-21,16-26,18-12,4-11,9-6,3-9,9-1,7-3,2-8,14-20,20-18,11-8,14-20,0-5,4-7,9-7,4-10,12-5,5-4,NA,2021
18,Indiana Pacers,34-38,13-23,21-15,20-22,14-16,5-10,7-5,8-7,5-5,2-8,7-3,16-19,18-19,5-4,15-17,4-1,7-8,4-8,6-8,8-8,5-5,NA,2021
19,Charlotte Hornets,33-39,18-18,15-21,20-22,13-17,4-11,8-7,8-4,4-6,4-6,5-5,17-18,16-21,9-4,14-24,2-2,7-9,7-6,8-5,6-10,3-7,NA,2021
20,San Antonio Spurs,33-39,14-22,19-17,16-14,17-25,3-7,7-3,6-4,5-10,6-9,6-6,18-14,15-25,7-8,18-20,2-2,9-7,6-3,7-9,7-10,2-8,NA,2021
21,Chicago Bulls,31-41,15-21,16-20,21-21,10-20,7-8,7-5,7-8,3-7,1-9,6-4,16-18,15-23,3-5,16-20,2-3,5-8,8-6,4-10,7-10,5-4,NA,2021
22,New Orleans Pelicans,31-41,18-18,13-23,13-17,18-24,5-5,5-5,3-7,5-10,7-8,6-6,15-21,16-20,3-10,13-21,3-2,4-9,7-8,7-6,7-10,3-6,NA,2021
23,Sacramento Kings,31-41,16-20,15-21,13-17,18-24,4-6,6-4,3-7,7-8,5-7,6-9,14-22,17-19,10-5,12-22,3-2,5-9,5-10,9-5,4-11,5-4,NA,2021
24,Toronto Raptors,27-45,16-20,11-25,17-25,10-20,4-8,5-10,8-7,3-7,3-7,4-6,17-19,10-26,3-6,17-19,1-3,7-9,9-5,1-13,8-7,1-8,NA,2021
25,Minnesota Timberwolves,23-49,13-23,10-26,8-22,15-27,2-8,4-6,2-8,5-7,4-11,6-9,7-29,16-20,4-6,9-25,2-2,3-12,2-14,5-8,8-8,3-5,NA,2021
26,Cleveland Cavaliers,22-50,13-23,9-27,16-26,6-24,8-7,4-8,4-11,2-8,0-10,4-6,14-22,8-28,4-2,11-37,3-2,6-9,4-10,4-9,4-12,1-8,NA,2021
27,Oklahoma City Thunder,22-50,10-26,12-24,10-20,12-30,4-6,3-7,3-7,3-9,2-13,7-8,15-21,7-29,7-5,5-36,1-3,7-7,6-10,6-7,1-15,1-8,NA,2021
28,Orlando Magic,21-51,11-25,10-26,13-29,8-22,2-13,7-8,4-8,2-8,4-6,2-8,13-23,8-28,3-5,6-35,4-1,4-12,5-8,3-10,3-13,2-7,NA,2021
29,Detroit Pistons,20-52,13-23,7-29,12-30,8-22,7-8,1-11,4-11,2-8,3-7,3-7,10-26,10-26,1-8,14-31,0-4,5-11,4-10,4-9,6-10,1-8,NA,2021
30,Houston Rockets,17-55,9-27,8-28,6-24,11-31,1-9,2-8,3-7,3-12,3-12,5-7,11-23,6-32,3-4,8-37,1-2,8-7,2-12,2-13,3-13,1-8,NA,2021
1,Milwaukee Bucks,56-17,30-5,26-12,37-7,19-10,10-4,13-1,14-2,7-3,7-2,5-5,46-8,10-9,3-2,38-8,2-2,15-1,13-2,11-2,10-1,2-4,3-5,2020
2,Toronto Raptors,53-19,26-10,27-9,34-11,19-8,9-5,13-3,12-3,7-3,7-2,5-3,40-15,13-4,6-4,23-10,4-1,10-3,9-7,12-3,7-3,4-1,7-1,2020
3,Los Angeles Lakers,52-19,25-10,27-9,16-9,36-10,5-5,4-3,7-1,12-3,10-3,14-4,41-12,11-7,7-3,25-11,3-1,14-1,9-5,10-4,9-2,4-1,3-5,2020
4,Los Angeles Clippers,49-23,27-9,22-14,17-7,32-16,5-3,4-3,8-1,11-5,8-6,13-5,37-18,12-5,8-3,32-8,4-2,10-4,10-5,9-4,7-4,4-1,5-3,2020
5,Boston Celtics,48-24,26-10,22-14,30-13,18-11,9-6,9-4,12-3,6-3,6-4,6-4,38-16,10-8,6-5,29-7,3-1,10-4,10-3,9-7,9-3,2-3,5-3,2020
6,Denver Nuggets,46-27,26-11,20-16,17-11,29-16,6-4,4-4,7-3,12-2,9-7,8-7,38-17,8-10,9-5,16-13,3-2,10-2,10-6,11-5,6-4,3-3,3-5,2020
7,Indiana Pacers,45-28,25-11,20-17,28-19,17-9,9-7,8-7,11-5,7-3,5-2,5-4,32-23,13-5,5-7,20-12,1-3,11-4,10-5,9-5,5-7,3-2,6-2,2020
8,Houston Rockets,44-28,24-12,20-16,16-9,28-19,6-3,4-3,6-3,10-8,10-6,8-5,34-20,10-8,4-5,22-14,3-1,10-5,10-5,7-7,9-2,1-4,4-4,2020
9,Miami Heat,44-29,29-7,15-22,30-13,14-16,9-6,11-3,10-4,4-6,4-6,6-4,35-19,9-10,6-4,23-11,4-1,9-4,11-4,8-6,6-7,3-2,3-5,2020
10,Oklahoma City Thunder,44-28,23-14,21-14,17-9,27-19,5-3,6-4,6-2,8-5,9-8,10-6,33-22,11-6,8-6,18-10,1-4,6-7,11-4,12-5,7-3,3-1,4-4,2020
11,Utah Jazz,44-28,23-12,21-16,20-7,24-21,6-4,6-2,8-1,5-7,9-6,10-8,36-18,8-10,7-5,18-11,4-1,8-6,9-5,11-4,5-6,4-1,3-5,2020
12,Dallas Mavericks,43-32,20-18,23-14,16-12,27-20,4-5,7-2,5-5,9-6,8-10,10-4,33-22,10-10,2-11,23-9,3-1,9-5,9-6,8-7,7-5,4-3,3-5,2020
13,Philadelphia 76ers,43-30,31-4,12-26,28-18,15-12,11-5,10-6,7-7,5-4,5-5,5-3,34-21,9-9,6-5,19-15,4-0,10-6,9-7,8-5,6-5,2-3,4-4,2020
14,Brooklyn Nets,35-37,20-16,15-21,23-23,12-14,6-10,8-4,9-9,2-7,6-2,4-5,25-28,10-9,7-7,17-19,1-3,9-6,6-7,5-10,5-7,4-1,5-3,2020
15,Portland Trail Blazers,35-39,21-15,14-24,15-12,20-27,4-6,4-4,7-2,5-8,7-10,8-9,25-31,10-8,9-3,17-18,3-2,5-10,6-8,8-7,4-8,3-2,6-2,2020
16,Memphis Grizzlies,34-39,20-17,14-22,14-13,20-26,3-4,4-6,7-3,8-7,8-10,4-9,28-26,6-13,3-4,18-21,1-3,4-10,8-8,11-4,5-6,3-2,2-6,2020
17,Phoenix Suns,34-39,17-22,17-17,15-12,19-27,6-4,3-4,6-4,6-9,6-9,7-9,22-33,12-6,4-8,15-18,3-2,5-8,5-10,7-8,4-9,2-2,8-0,2020
18,Orlando Magic,33-40,18-17,15-23,20-23,13-17,6-10,5-8,9-5,2-8,5-5,6-4,24-31,9-9,5-5,18-20,2-2,5-9,7-8,7-8,6-6,3-2,3-5,2020
19,San Antonio Spurs,32-39,19-15,13-24,12-16,20-23,5-5,2-6,5-5,6-9,7-8,7-6,23-31,9-8,10-7,10-12,3-1,4-12,7-5,7-8,4-7,2-3,5-3,2020
20,Sacramento Kings,31-41,16-19,15-22,8-18,23-23,2-8,2-5,4-5,7-9,8-5,8-9,21-33,10-8,6-8,12-18,0-5,8-5,4-12,6-8,7-4,3-2,3-5,2020
21,New Orleans Pelicans,30-42,15-21,15-21,12-12,18-30,2-6,7-3,3-3,9-9,5-12,4-9,23-32,7-10,2-6,18-15,1-4,5-9,5-10,9-6,6-4,2-3,2-6,2020
22,Washington Wizards,25-47,16-20,9-27,18-27,7-20,8-7,5-11,5-9,3-7,2-7,2-6,20-33,5-14,1-4,12-25,1-3,5-8,4-11,6-9,5-6,3-3,1-7,2020
23,Charlotte Hornets,23-42,10-21,13-21,16-24,7-18,5-9,9-8,2-7,1-7,4-4,2-7,18-36,5-6,9-8,5-25,2-3,6-10,5-10,3-9,5-6,2-4,NA,2020
24,Chicago Bulls,22-43,14-20,8-23,15-28,7-15,1-12,7-9,7-7,1-6,2-5,4-4,19-36,3-7,6-6,7-19,1-4,5-10,7-7,6-11,1-8,2-3,NA,2020
25,New York Knicks,21-45,11-22,10-23,15-28,6-17,2-11,8-8,5-9,1-6,2-6,3-5,17-38,4-7,7-6,8-21,1-4,3-11,5-9,4-12,5-6,3-3,NA,2020
26,Atlanta Hawks,20-47,14-20,6-27,11-32,9-15,3-13,2-12,6-7,3-5,3-5,3-5,15-41,5-6,1-5,8-29,2-3,2-13,3-11,6-9,6-7,1-4,NA,2020
27,Detroit Pistons,20-46,11-22,9-24,12-31,8-15,3-11,5-10,4-10,1-7,4-3,3-5,19-38,1-8,4-6,9-26,2-3,4-10,6-9,5-11,3-8,0-5,NA,2020
28,Cleveland Cavaliers,19-46,11-25,8-21,12-32,7-14,2-14,4-10,6-8,4-4,0-4,3-6,14-40,5-6,5-5,6-28,2-2,3-12,5-9,3-13,4-7,2-3,NA,2020
29,Minnesota Timberwolves,19-45,8-24,11-21,10-15,9-30,2-4,3-6,5-5,2-10,4-8,3-12,16-37,3-8,3-4,10-21,3-1,7-7,2-12,3-12,2-9,2-4,NA,2020
30,Golden State Warriors,15-50,8-26,7-24,6-16,9-34,1-6,3-3,2-7,3-12,2-11,4-11,12-43,3-7,1-3,8-30,1-3,3-13,5-10,1-13,3-8,2-3,NA,2020
1,Milwaukee Bucks,60-22,33-8,27-14,40-12,20-10,13-5,14-2,13-5,6-4,6-4,8-2,43-14,17-8,5-6,45-5,7-0,8-6,10-4,12-3,10-1,10-6,3-2,2019
2,Toronto Raptors,58-24,32-9,26-15,36-16,22-8,12-4,10-8,14-4,6-4,10-0,6-4,43-16,15-8,11-7,33-9,7-1,12-3,8-7,10-5,8-1,9-6,4-1,2019
3,Golden State Warriors,57-25,30-11,27-14,22-8,35-17,6-4,8-2,8-2,12-6,13-3,10-8,41-16,16-9,7-7,34-10,8-1,7-7,10-5,11-2,7-4,9-5,5-1,2019
4,Denver Nuggets,54-28,34-7,20-21,20-10,34-18,7-3,6-4,7-3,12-4,12-6,10-8,39-18,15-10,13-3,23-11,6-1,9-6,8-4,12-4,7-4,9-6,3-3,2019
5,Houston Rockets,53-29,31-10,22-19,21-9,32-20,8-2,6-4,7-3,8-10,14-4,10-6,33-24,20-5,5-7,29-12,1-5,9-6,11-4,8-6,8-4,12-3,4-1,2019
6,Portland Trail Blazers,53-29,32-9,21-20,24-6,29-23,9-1,8-2,7-3,6-10,12-6,11-7,34-23,19-6,4-6,29-8,5-2,8-7,8-7,11-4,6-3,10-5,5-1,2019
7,Philadelphia 76ers,51-31,31-10,20-21,31-21,20-10,8-8,12-6,11-7,6-4,8-2,6-4,37-21,14-10,10-8,22-16,4-4,12-4,7-6,11-4,6-4,9-5,2-4,2019
8,Utah Jazz,50-32,29-12,21-20,20-10,30-22,6-4,7-3,7-3,8-8,12-6,10-8,32-25,18-7,0-7,34-12,4-3,7-9,7-7,11-4,6-3,11-4,4-2,2019
9,Boston Celtics,49-33,28-13,21-20,35-17,14-16,10-6,13-5,12-6,4-6,5-5,5-5,37-21,12-12,5-6,24-12,5-2,7-8,9-5,11-4,5-6,8-7,4-1,2019
10,Oklahoma City Thunder,49-33,27-14,22-19,21-9,28-24,6-4,8-2,7-3,9-7,10-8,9-9,37-20,12-13,6-7,23-12,2-4,12-3,9-6,9-5,6-5,6-10,5-0,2019
11,Indiana Pacers,48-34,29-12,19-22,33-19,15-15,9-9,11-5,13-5,5-5,5-5,5-5,38-20,10-14,6-6,23-16,5-3,8-6,12-3,7-7,9-3,4-10,3-2,2019
12,Los Angeles Clippers,48-34,26-15,22-19,20-10,28-24,6-4,7-3,7-3,7-11,11-5,10-8,32-27,16-7,6-2,23-18,4-3,11-3,6-9,7-9,6-5,13-2,1-3,2019
13,San Antonio Spurs,48-34,32-9,16-25,18-12,30-22,6-4,7-3,5-5,10-8,10-8,10-6,33-26,15-8,7-4,25-16,5-2,5-10,11-5,10-5,3-7,10-4,4-1,2019
14,Brooklyn Nets,42-40,23-18,19-22,29-23,13-17,8-8,10-8,11-7,2-8,6-4,5-5,30-29,12-11,12-8,16-22,3-5,5-10,9-6,11-4,4-6,7-7,3-2,2019
15,Orlando Magic,42-40,25-16,17-24,30-22,12-18,11-7,9-9,10-6,2-8,4-6,6-4,27-32,15-8,5-6,21-21,2-5,9-7,5-8,5-11,8-3,9-5,4-1,2019
16,Detroit Pistons,41-41,26-15,15-26,27-25,14-16,10-8,8-8,9-9,4-6,5-5,5-5,26-30,15-11,6-9,16-21,4-3,8-4,4-11,6-10,7-3,10-6,2-4,2019
17,Charlotte Hornets,39-43,25-16,14-27,29-23,10-20,8-10,11-7,10-6,2-8,3-7,5-5,27-30,12-13,6-10,21-20,4-4,7-7,7-7,6-8,4-7,7-8,4-2,2019
18,Miami Heat,39-43,19-22,20-21,23-29,16-14,7-11,9-9,7-9,4-6,3-7,9-1,26-30,13-13,6-9,16-20,3-4,5-9,9-5,7-7,3-9,11-4,1-5,2019
19,Sacramento Kings,39-43,24-17,15-26,18-12,21-31,3-7,7-3,8-2,7-11,4-12,10-8,30-27,9-16,6-7,16-18,5-3,5-8,9-6,7-8,5-5,7-9,1-4,2019
20,Los Angeles Lakers,37-45,22-19,15-26,12-18,25-27,1-9,5-5,6-4,7-11,9-7,9-9,28-29,9-16,5-4,16-25,3-5,10-4,8-7,6-9,3-6,5-11,2-3,2019
21,Minnesota Timberwolves,36-46,25-16,11-30,14-16,22-30,4-6,5-5,5-5,5-11,9-9,8-10,27-30,9-16,8-5,19-22,4-4,7-7,6-9,8-6,4-7,5-9,2-4,2019
22,Dallas Mavericks,33-49,24-17,9-32,15-15,18-34,4-6,6-4,5-5,8-10,6-12,4-12,26-31,7-18,7-7,12-22,2-6,8-4,7-9,6-9,4-6,3-12,3-3,2019
23,Memphis Grizzlies,33-49,21-20,12-29,9-21,24-28,3-7,3-7,3-7,9-9,7-11,8-8,23-36,10-13,6-9,14-19,4-2,9-6,5-10,2-14,4-7,7-7,2-3,2019
24,New Orleans Pelicans,33-49,19-22,14-27,10-20,23-29,3-7,5-5,2-8,7-11,8-10,8-8,26-33,7-16,4-6,15-20,4-3,7-9,6-9,6-8,4-7,5-10,1-3,2019
25,Washington Wizards,32-50,22-19,10-31,19-33,13-17,6-12,6-12,7-9,4-6,5-5,4-6,24-34,8-16,5-6,14-23,1-6,7-8,6-9,8-6,3-7,7-10,0-4,2019
26,Atlanta Hawks,29-53,17-24,12-29,16-36,13-17,4-14,6-12,6-10,5-5,4-6,4-6,19-39,10-14,9-6,7-31,2-5,3-13,6-7,5-9,5-7,7-8,1-4,2019
27,Chicago Bulls,22-60,9-32,13-28,16-36,6-24,4-14,3-13,9-9,1-9,2-8,3-7,14-44,8-16,8-8,9-31,2-6,3-12,5-9,2-13,5-5,4-11,1-4,2019
28,Cleveland Cavaliers,19-63,13-28,6-35,15-37,4-26,6-12,4-12,5-13,0-10,2-8,2-8,12-46,7-17,5-4,6-43,1-6,3-11,4-12,3-12,4-6,4-11,0-5,2019
29,Phoenix Suns,19-63,12-29,7-34,8-22,11-41,3-7,3-7,2-8,2-16,3-13,6-12,11-48,8-15,5-5,5-40,1-6,3-12,5-11,2-13,1-8,5-10,2-3,2019
30,New York Knicks,17-65,9-32,8-33,11-41,6-24,2-14,3-15,6-12,0-10,2-8,4-6,11-47,6-18,4-7,6-41,2-6,5-10,2-12,1-12,3-9,1-13,3-3,2019
1,Houston Rockets,65-17,34-7,31-10,24-6,41-11,6-4,9-1,9-1,16-2,13-5,12-4,44-13,21-4,5-3,38-8,5-3,12-1,9-5,10-4,12-0,14-1,3-3,2018
2,Toronto Raptors,59-23,34-7,25-16,40-12,19-11,12-4,14-4,14-4,5-5,6-4,8-2,41-16,18-7,5-7,33-5,4-2,9-5,11-3,10-5,9-2,12-4,4-2,2018
3,Golden State Warriors,58-24,29-12,29-12,24-6,34-18,9-1,6-4,9-1,8-10,13-3,13-5,44-14,14-10,5-1,38-13,5-3,11-3,13-2,11-3,8-3,7-7,3-3,2018
4,Boston Celtics,55-27,27-14,28-13,33-19,22-8,12-4,10-8,11-7,9-1,7-3,6-4,40-19,15-8,11-8,25-9,5-2,14-2,11-6,7-5,7-4,9-4,2-4,2018
5,Philadelphia 76ers,52-30,30-11,22-19,34-18,18-12,9-7,11-7,14-4,7-3,4-6,7-3,30-25,22-5,4-7,31-11,3-4,9-5,5-10,7-5,8-3,13-3,7-0,2018
6,Cleveland Cavaliers,50-32,29-12,21-20,35-17,15-15,11-7,11-5,13-5,5-5,5-5,5-5,34-22,16-10,8-5,17-20,3-4,12-3,9-5,6-8,6-4,10-6,4-2,2018
7,Portland Trail Blazers,49-33,28-13,21-20,18-12,31-21,4-6,6-4,8-2,9-7,15-3,7-11,32-26,17-7,8-8,20-12,4-3,9-6,5-8,11-5,6-4,12-3,2-4,2018
8,Indiana Pacers,48-34,27-14,21-20,32-20,16-14,11-7,10-6,11-7,3-7,9-1,4-6,33-25,15-9,11-2,20-16,4-3,8-7,7-8,10-5,5-4,11-4,3-3,2018
9,New Orleans Pelicans,48-34,24-17,24-17,21-9,27-25,6-4,9-1,6-4,6-12,12-6,9-7,31-26,17-8,7-3,19-16,3-4,8-6,7-8,9-5,8-3,8-7,5-1,2018
10,Oklahoma City Thunder,48-34,27-14,21-20,20-10,28-24,6-4,7-3,7-3,5-11,12-6,11-7,33-26,15-8,8-10,24-11,4-3,4-9,12-5,10-4,6-6,8-6,4-1,2018
11,Utah Jazz,48-34,28-13,20-21,14-16,34-18,3-7,6-4,5-5,7-9,15-3,12-6,30-28,18-6,4-5,31-19,4-3,7-8,5-10,6-7,9-2,12-3,5-1,2018
12,Minnesota Timberwolves,47-35,30-11,17-24,13-17,34-18,4-6,4-6,5-5,10-6,14-4,10-8,36-25,11-10,7-7,25-12,4-3,9-6,10-5,9-8,6-4,6-7,3-2,2018
13,San Antonio Spurs,47-35,33-8,14-27,18-12,29-23,6-4,5-5,7-3,9-9,11-7,9-7,35-24,12-11,8-10,25-17,4-3,10-4,11-5,9-7,2-7,8-6,3-3,2018
14,Denver Nuggets,46-36,31-10,15-26,18-12,28-24,4-6,8-2,6-4,9-7,10-8,9-9,32-26,14-10,10-5,21-15,3-4,9-5,7-8,7-8,7-3,8-7,5-1,2018
15,Miami Heat,44-38,26-15,18-23,31-21,13-17,9-9,11-7,11-5,4-6,5-5,4-6,30-28,14-10,9-9,16-13,2-4,8-7,9-6,10-5,3-7,9-7,3-2,2018
16,Milwaukee Bucks,44-38,25-16,19-22,27-25,17-13,11-7,6-10,10-8,5-5,7-3,5-5,32-25,12-13,7-4,14-16,4-3,7-6,8-6,8-7,6-6,8-7,3-3,2018
17,Washington Wizards,43-39,23-18,20-21,28-24,15-15,10-8,10-8,8-8,4-6,5-5,6-4,33-24,10-15,5-7,22-12,4-2,7-8,10-6,7-6,8-4,6-8,1-5,2018
18,Los Angeles Clippers,42-40,22-19,20-21,18-12,24-28,6-4,6-4,6-4,4-14,12-4,8-10,30-26,12-14,8-2,22-19,4-2,4-10,8-7,9-6,7-3,9-7,1-5,2018
19,Detroit Pistons,39-43,25-16,14-27,24-28,15-15,7-11,9-7,8-10,4-6,7-3,4-6,28-29,11-14,4-7,19-23,5-3,9-3,6-9,3-11,6-6,7-8,3-3,2018
20,Charlotte Hornets,36-46,21-20,15-26,22-30,14-16,4-14,7-11,11-5,4-6,7-3,3-7,24-33,12-13,1-5,23-23,4-3,4-9,5-11,8-6,7-5,6-9,2-3,2018
21,Los Angeles Lakers,35-47,20-21,15-26,16-14,19-33,5-5,5-5,6-4,4-14,6-10,9-9,23-34,12-13,6-7,18-21,3-4,5-9,3-11,8-7,7-3,7-8,2-5,2018
22,New York Knicks,29-53,19-22,10-31,17-35,12-18,6-10,4-14,7-11,4-6,5-5,3-7,23-36,6-17,2-7,15-30,3-3,8-7,7-8,5-11,1-9,3-12,2-3,2018
23,Brooklyn Nets,28-54,15-26,13-28,19-33,9-21,1-15,6-12,12-6,4-6,1-9,4-6,19-40,9-14,5-7,9-27,3-5,5-8,5-10,6-10,1-9,5-9,3-3,2018
24,Chicago Bulls,27-55,17-24,10-31,21-31,6-24,5-13,4-12,12-6,2-8,0-10,4-6,20-37,7-18,9-5,6-30,1-4,2-13,10-6,5-10,2-8,5-10,2-4,2018
25,Sacramento Kings,27-55,14-27,13-28,13-17,14-38,5-5,3-7,5-5,3-15,5-11,6-12,18-39,9-16,6-5,5-32,1-6,5-9,6-9,4-10,2-9,6-10,3-2,2018
26,Orlando Magic,25-57,17-24,8-33,15-37,10-20,5-13,5-13,5-11,2-8,3-7,5-5,18-39,7-18,3-5,10-27,5-2,4-11,3-12,3-10,3-8,4-10,3-4,2018
27,Atlanta Hawks,24-58,16-25,8-33,12-40,12-18,4-14,3-15,5-11,5-5,2-8,5-5,18-41,6-17,6-8,8-35,1-6,3-11,6-9,5-10,4-7,2-12,3-3,2018
28,Dallas Mavericks,24-58,15-26,9-32,10-20,14-38,2-8,4-6,4-6,5-13,4-14,5-11,18-40,6-18,2-9,11-20,1-7,4-10,8-8,3-11,3-7,4-10,1-5,2018
29,Memphis Grizzlies,22-60,16-25,6-35,4-26,18-34,2-8,1-9,1-9,5-13,8-10,5-11,18-38,4-22,5-12,8-26,5-2,2-11,5-12,6-7,0-10,3-13,1-5,2018
30,Phoenix Suns,21-61,10-31,11-30,6-24,15-37,2-8,2-8,2-8,5-13,4-12,6-12,18-41,3-20,6-5,5-40,3-4,5-11,6-9,4-10,1-10,0-14,2-3,2018
1,Golden State Warriors,67-15,36-5,31-10,25-5,42-10,9-1,8-2,8-2,15-3,14-2,13-5,47-9,20-6,3-4,48-6,2-1,14-1,13-3,12-2,9-3,12-4,5-1,2017
2,San Antonio Spurs,61-21,31-10,30-11,25-5,36-16,9-1,8-2,8-2,13-5,12-6,11-5,43-13,18-8,8-5,30-8,4-0,11-4,12-2,10-5,8-2,13-4,3-4,2017
3,Houston Rockets,55-27,30-11,25-16,19-11,36-16,8-2,5-5,6-4,13-5,13-5,10-6,40-18,15-9,8-3,30-11,2-1,9-6,15-2,10-7,6-3,9-6,4-2,2017
4,Boston Celtics,53-29,30-11,23-18,36-16,17-13,11-5,11-7,14-4,5-5,6-4,6-4,37-20,16-9,7-6,17-11,2-1,8-7,10-6,10-4,8-4,11-5,4-2,2017
5,Cleveland Cavaliers,51-31,31-10,20-21,35-17,16-14,16-2,8-8,11-7,6-4,6-4,4-6,39-16,12-15,3-4,25-15,3-0,10-3,12-4,7-8,9-2,7-10,3-4,2017
6,Los Angeles Clippers,51-31,29-12,22-19,20-10,31-21,6-4,5-5,9-1,10-8,10-6,11-7,35-21,16-10,3-6,33-14,3-0,11-5,8-9,8-4,6-5,10-8,5-0,2017
7,Toronto Raptors,51-31,28-13,23-18,34-18,17-13,14-2,10-8,10-8,8-2,3-7,6-4,33-24,18-7,8-7,26-8,2-1,10-5,10-4,8-9,6-5,10-6,5-1,2017
8,Utah Jazz,51-31,29-12,22-19,20-10,31-21,6-4,6-4,8-2,8-8,12-6,11-7,35-22,16-9,4-4,23-10,1-2,10-6,10-5,9-6,7-4,10-6,4-2,2017
9,Washington Wizards,49-33,30-11,19-22,32-20,17-13,12-6,12-6,8-8,6-4,8-2,3-7,34-21,15-12,9-6,18-12,0-2,6-9,10-5,12-4,7-3,11-7,3-3,2017
10,Oklahoma City Thunder,47-35,28-13,19-22,18-12,29-23,9-1,4-6,5-5,10-6,8-10,11-7,32-25,15-10,12-7,23-21,3-0,9-8,9-5,7-8,7-4,8-7,4-3,2017
11,Atlanta Hawks,43-39,23-18,20-21,30-22,13-17,13-5,11-7,6-10,4-6,2-8,7-3,32-24,11-15,7-8,17-21,3-0,7-9,7-7,11-4,5-6,6-10,4-3,2017
12,Memphis Grizzlies,43-39,24-17,19-22,15-15,28-24,5-5,5-5,5-5,11-7,9-9,8-8,34-24,9-15,7-5,17-20,2-1,9-7,11-6,7-7,7-4,6-9,1-5,2017
13,Indiana Pacers,42-40,29-12,13-28,26-26,16-14,8-10,8-8,10-8,5-5,6-4,5-5,29-28,13-12,4-2,23-19,1-2,8-8,7-8,9-4,6-7,6-10,5-1,2017
14,Milwaukee Bucks,42-40,23-18,19-22,27-25,15-15,10-8,10-6,7-11,4-6,7-3,4-6,25-30,17-10,8-2,21-22,1-2,7-6,8-8,5-10,5-6,14-4,2-4,2017
15,Chicago Bulls,41-41,25-16,16-25,28-24,13-17,10-8,9-7,9-9,4-6,5-5,4-6,28-29,13-12,5-6,17-23,3-0,7-7,6-11,8-7,6-5,6-9,5-2,2017
16,Portland Trail Blazers,41-41,25-16,16-25,13-17,28-24,5-5,3-7,5-5,11-5,9-9,8-10,23-33,18-8,7-11,18-16,2-1,8-9,4-11,8-7,2-7,13-3,4-3,2017
17,Miami Heat,41-41,23-18,18-23,27-25,14-16,7-11,11-7,9-7,4-6,5-5,5-5,25-32,16-9,8-6,19-13,1-2,5-10,4-12,9-6,8-3,10-6,4-2,2017
18,Denver Nuggets,40-42,22-19,18-23,16-14,24-28,6-4,7-3,3-7,6-10,12-6,6-12,25-31,15-11,5-10,24-19,1-2,6-9,7-8,7-7,6-7,8-7,5-2,2017
19,Detroit Pistons,37-45,24-17,13-28,21-31,16-14,7-11,5-11,9-9,7-3,4-6,5-5,27-30,10-15,5-7,23-26,2-1,8-9,5-10,6-7,8-4,6-11,2-3,2017
20,Charlotte Hornets,36-46,22-19,14-27,22-30,14-16,7-11,5-13,10-6,7-3,4-6,3-7,24-32,12-14,0-9,19-18,2-1,8-7,9-7,4-11,3-8,9-7,1-5,2017
21,New Orleans Pelicans,34-48,21-20,13-28,14-16,20-32,5-5,4-6,5-5,7-11,7-11,6-10,23-34,11-14,7-6,17-22,0-3,7-9,7-9,5-9,4-7,10-6,1-5,2017
22,Dallas Mavericks,33-49,21-20,12-29,14-16,19-33,4-6,6-4,4-6,6-12,8-10,5-11,22-34,11-15,4-6,14-26,0-3,3-11,7-10,8-6,6-5,7-9,2-5,2017
23,Sacramento Kings,32-50,17-24,15-26,11-19,21-31,5-5,3-7,3-7,8-10,7-9,6-12,24-33,8-17,10-6,9-27,2-2,5-9,7-8,5-11,6-5,4-12,3-3,2017
24,Minnesota Timberwolves,31-51,20-21,11-30,13-17,18-34,3-7,4-6,6-4,5-11,9-9,4-14,22-35,9-16,7-10,18-19,0-2,5-11,6-9,8-7,5-7,6-8,1-7,2017
25,New York Knicks,31-51,19-22,12-29,22-30,9-21,5-11,9-9,8-10,3-7,3-7,3-7,23-34,8-17,7-10,10-25,1-1,8-8,7-8,5-12,3-7,5-11,2-4,2017
26,Orlando Magic,29-53,16-25,13-28,20-32,9-21,8-10,5-13,7-9,2-8,3-7,4-6,21-37,8-16,5-5,10-32,0-3,7-8,8-8,4-12,3-7,5-11,2-4,2017
27,Philadelphia 76ers,28-54,17-24,11-30,19-33,9-21,7-9,5-13,7-11,3-7,4-6,2-8,21-35,7-19,9-8,7-29,0-2,4-12,4-10,10-5,4-8,6-11,0-6,2017
28,Los Angeles Lakers,26-56,17-24,9-32,10-20,16-36,3-7,3-7,4-6,4-14,6-10,6-12,19-39,7-17,2-4,14-31,1-2,9-8,2-14,5-10,2-8,2-12,5-2,2017
29,Phoenix Suns,24-58,15-26,9-32,13-17,11-41,6-4,3-7,4-6,3-15,3-13,5-13,18-39,6-19,9-5,7-32,0-4,6-9,4-11,5-9,3-9,4-12,2-4,2017
30,Brooklyn Nets,20-62,13-28,7-34,11-41,9-21,3-13,4-14,4-14,2-8,5-5,2-8,9-47,11-15,3-6,9-30,1-3,4-9,3-12,1-15,0-10,7-10,4-3,2017
1,Golden State Warriors,73-9,39-2,34-7,27-3,46-6,9-1,8-2,10-0,15-3,15-1,16-2,48-4,25-5,7-2,44-5,3-0,16-0,11-2,14-2,9-1,15-2,5-2,2016
2,San Antonio Spurs,67-15,40-1,27-14,24-6,43-9,9-1,7-3,8-2,15-3,14-4,14-2,45-8,22-7,4-4,44-6,1-1,13-3,14-2,11-2,11-1,13-3,4-3,2016
3,Cleveland Cavaliers,57-25,33-8,24-17,35-17,22-8,14-4,8-8,13-5,8-2,8-2,6-4,38-14,19-11,4-7,32-8,2-1,11-3,8-5,13-3,8-5,11-5,4-3,2016
4,Toronto Raptors,56-26,32-9,24-17,39-13,17-13,14-2,11-7,14-4,5-5,5-5,7-3,35-17,21-9,6-6,28-10,2-0,9-7,9-6,12-2,7-4,11-5,6-2,2016
5,Oklahoma City Thunder,55-27,32-9,23-18,18-12,37-15,6-4,4-6,8-2,13-3,12-6,12-6,40-14,15-13,8-6,33-5,2-0,9-7,12-3,13-3,6-5,11-5,2-4,2016
6,Los Angeles Clippers,53-29,29-12,24-17,22-8,31-21,7-3,6-4,9-1,11-7,9-7,11-7,35-18,18-11,8-4,28-15,3-0,7-8,11-5,11-3,7-4,8-8,6-1,2016
7,Atlanta Hawks,48-34,27-14,21-20,29-23,19-11,11-7,10-8,8-8,6-4,5-5,8-2,31-24,17-10,5-7,29-17,2-1,10-7,9-5,6-9,6-5,12-4,3-3,2016
8,Boston Celtics,48-34,28-13,20-21,31-21,17-13,10-6,9-9,12-6,6-4,7-3,4-6,32-23,16-11,5-7,26-13,1-1,9-7,8-6,9-8,9-3,7-7,5-2,2016
9,Charlotte Hornets,48-34,30-11,18-23,33-19,15-15,13-5,12-6,8-8,4-6,5-5,6-4,27-26,21-8,6-5,25-17,0-2,10-5,7-7,6-11,7-3,13-3,5-3,2016
10,Miami Heat,48-34,28-13,20-21,31-21,17-13,10-8,11-7,10-6,6-4,5-5,6-4,29-24,19-10,7-5,24-20,1-1,9-5,8-7,9-8,6-5,10-5,5-3,2016
11,Indiana Pacers,45-37,26-15,19-22,30-22,15-15,13-5,8-8,9-9,4-6,5-5,6-4,28-25,17-12,9-9,21-13,0-3,11-2,7-9,7-8,6-7,8-7,6-1,2016
12,Detroit Pistons,44-38,26-15,18-23,29-23,15-15,11-7,10-6,8-10,7-3,5-5,3-7,27-27,17-11,6-5,21-20,3-0,6-9,9-6,7-8,6-6,9-6,4-3,2016
13,Portland Trail Blazers,44-38,28-13,16-25,15-15,29-23,5-5,5-5,5-5,11-5,10-8,8-10,27-27,17-11,2-7,23-21,1-2,6-9,7-10,9-5,9-2,8-8,4-2,2016
14,Dallas Mavericks,42-40,23-18,19-22,15-15,27-25,8-2,4-6,3-7,11-7,9-9,7-9,29-26,13-14,6-11,19-18,1-1,9-7,9-5,9-9,4-6,5-10,5-2,2016
15,Memphis Grizzlies,42-40,26-15,16-25,17-13,25-27,7-3,7-3,3-7,9-9,9-9,7-9,31-22,11-18,8-3,15-23,2-1,8-7,8-8,10-4,7-4,6-10,1-6,2016
16,Chicago Bulls,42-40,26-15,16-25,25-27,17-13,12-6,10-6,3-15,5-5,6-4,6-4,27-25,15-15,10-4,14-19,2-1,8-4,8-7,8-8,4-8,8-9,4-3,2016
17,Houston Rockets,41-41,23-18,18-23,13-17,28-24,6-4,3-7,4-6,9-9,11-7,8-8,27-28,14-13,5-8,14-18,0-2,7-9,9-7,9-7,4-6,8-8,4-2,2016
18,Washington Wizards,41-41,22-19,19-22,30-22,11-19,9-9,11-7,10-6,2-8,4-6,5-5,23-28,18-13,7-6,22-22,2-1,4-7,8-8,7-8,8-6,7-9,5-2,2016
19,Utah Jazz,40-42,24-17,16-25,16-14,24-28,6-4,6-4,4-6,8-8,9-9,7-11,26-26,14-16,6-8,23-13,2-1,6-7,6-9,7-8,7-6,9-7,3-4,2016
20,Orlando Magic,35-47,23-18,12-29,21-31,14-16,12-6,5-13,4-12,7-3,2-8,5-5,23-29,12-18,6-10,12-20,0-2,9-6,10-5,2-12,5-7,6-11,3-4,2016
21,Denver Nuggets,33-49,18-23,15-26,15-15,18-34,6-4,5-5,4-6,4-12,7-11,7-11,22-32,11-17,10-5,11-21,1-1,5-11,6-9,6-9,5-7,9-8,1-4,2016
22,Milwaukee Bucks,33-49,23-18,10-31,21-31,12-18,9-9,4-12,8-10,4-6,4-6,4-6,22-32,11-17,6-4,12-27,0-2,7-9,6-10,7-8,5-6,6-9,2-5,2016
23,Sacramento Kings,33-49,18-23,15-26,14-16,19-33,6-4,5-5,3-7,7-11,8-8,4-14,22-31,11-18,8-4,11-19,1-2,6-10,5-8,8-7,4-7,6-11,3-4,2016
24,New York Knicks,32-50,18-23,14-27,21-31,11-19,8-8,7-11,6-12,5-5,4-6,2-8,23-32,9-18,4-7,14-23,2-1,6-9,7-8,8-9,2-9,5-10,2-4,2016
25,New Orleans Pelicans,30-52,21-20,9-32,10-20,20-32,4-6,4-6,2-8,8-10,8-10,4-12,20-33,10-19,5-5,11-23,0-3,4-10,6-9,8-6,5-7,5-12,2-5,2016
26,Minnesota Timberwolves,29-53,14-27,15-26,11-19,18-34,5-5,2-8,4-6,4-12,10-8,4-14,17-37,12-16,7-7,9-23,2-0,6-9,4-12,2-14,5-6,6-9,4-3,2016
27,Phoenix Suns,23-59,14-27,9-32,6-24,17-35,1-9,1-9,4-6,6-12,6-10,5-13,14-40,9-19,4-5,10-32,2-1,6-8,4-14,2-12,1-9,5-11,3-4,2016
28,Brooklyn Nets,21-61,14-27,7-34,12-40,9-21,6-10,4-14,2-16,4-6,3-7,2-8,14-40,7-21,7-4,6-34,0-3,4-10,5-10,3-13,5-7,4-11,0-7,2016
29,Los Angeles Lakers,17-65,12-29,5-36,9-21,8-44,4-6,2-8,3-7,3-15,2-14,3-15,11-44,6-21,2-7,4-44,0-2,2-12,4-13,3-14,2-8,5-10,1-6,2016
30,Philadelphia 76ers,10-72,7-34,3-38,3-49,7-23,2-14,0-18,1-17,2-8,4-6,1-9,8-45,2-27,0-6,5-41,0-2,0-16,3-13,4-10,1-11,1-14,1-6,2016
